BoxId,ItemIndex,RarityId,Category,Weight,FinalProbability(%)
WeaponBox_Default,AR_1,Common,Weapon,10.0,9.0909
WeaponBox_Default,AR_2,Rare,Weapon,10.0,9.0909
WeaponBox_Default,DMR_1,Common,Weapon,10.0,9.0909
WeaponBox_Default,MG_1,Common,Weapon,10.0,9.0909
WeaponBox_Default,P_1,Common,Weapon,10.0,9.0909
WeaponBox_Default,P_2,Common,Weapon,10.0,9.0909
WeaponBox_Default,SG_1,Rare,Weapon,10.0,9.0909
WeaponBox_Default,SG_2,Rare,Weapon,10.0,9.0909
WeaponBox_Default,SMG_1,Common,Weapon,10.0,9.0909
WeaponBox_Default,SMG_2,Common,Weapon,10.0,9.0909
WeaponBox_Default,SR_1,Epic,Weapon,10.0,9.0909
